Mean Precision,Mean Recall,F1 Score,mAP@0.5,mAP@0.5:0.95
0.7793371879060171,0.7654320987654321,0.7723215607288878,0.8250302236988392,0.5918565348793919
